"Symbol","Series","Date","Prev Close","Open Price","High Price","Low Price","Last Price","Close Price","Average Price","Total Traded Quantity","Turnover","No. of Trades","Deliverable Qty","% Dly Qt to Traded Qty"
"INFY","EQ","09-Mar-2015","       2247.60","       2259.00","       2259.00","       2179.00","       2188.00","       2190.05","       2201.32","    1996180","          4394234758.40","      88526","    1390422","         69.65"
"INFY","EQ","10-Mar-2015","       2190.05","       2198.10","       2206.95","       2160.20","       2200.00","       2198.00","       2197.19","    1582479","          3477001162.70","      84918","    1117333","         70.61"
"INFY","EQ","11-Mar-2015","       2198.00","       2194.10","       2240.00","       2169.10","       2179.90","       2182.20","       2206.92","    1695228","          3741231837.15","      78278","    1042916","         61.52"
"INFY","EQ","12-Mar-2015","       2182.20","       2179.00","       2226.45","       2177.00","       2215.05","       2218.30","       2209.40","    1422141","          3142073181.25","      53839","     984067","         69.20"
"INFY","EQ","13-Mar-2015","       2218.30","       2225.00","       2230.00","       2192.40","       2220.00","       2220.40","       2213.76","    1544921","          3420086790.15","      70363","    1004099","         64.99"
"INFY","EQ","16-Mar-2015","       2220.40","       2210.55","       2282.00","       2210.55","       2261.00","       2266.65","       2256.43","    1704658","          3846441861.90","      72855","    1183185","         69.41"
"INFY","EQ","17-Mar-2015","       2266.65","       2266.65","       2279.50","       2217.25","       2245.00","       2240.50","       2244.71","    1384828","          3108540000.35","      61599","     821180","         59.30"
"INFY","EQ","18-Mar-2015","       2240.50","       2254.50","       2262.85","       2222.55","       2233.00","       2229.50","       2238.36","    1226391","          2745099823.15","      58126","     802850","         65.46"
"INFY","EQ","19-Mar-2015","       2229.50","       2234.60","       2249.00","       2222.75","       2230.65","       2230.45","       2231.73","    1722935","          3845130187.95","      72890","    1116497","         64.80"
"INFY","EQ","20-Mar-2015","       2230.45","       2241.00","       2268.90","       2232.95","       2263.55","       2257.45","       2255.17","    1607724","          3625697618.70","      61559","    1119622","         69.64"
"INFY","EQ","23-Mar-2015","       2257.45","       2253.00","       2275.00","       2225.50","       2236.00","       2233.45","       2244.84","    1269675","          2850217856.25","      67428","     881631","         69.44"
"INFY","EQ","24-Mar-2015","       2233.45","       2234.90","       2253.40","       2206.00","       2215.20","       2211.45","       2224.27","    1684133","          3745965784.75","      43962","    1219937","         72.44"
"INFY","EQ","25-Mar-2015","       2211.45","       2222.90","       2229.15","       2200.75","       2222.80","       2219.10","       2214.43","    1542742","          3416298156.70","     105633","    1101312","         71.39"
"INFY","EQ","26-Mar-2015","       2219.10","       2208.00","       2214.90","       2132.00","       2163.00","       2146.35","       2156.88","    3935210","          8487760946.60","     131427","    2896200","         73.60"
"INFY","EQ","27-Mar-2015","       2146.35","       2164.00","       2224.70","       2163.00","       2202.00","       2202.15","       2203.42","    2518555","          5549435087.80","      72286","    1560069","         61.94"
"INFY","EQ","30-Mar-2015","       2202.15","       2205.60","       2240.00","       2194.90","       2239.85","       2228.00","       2217.09","    1155772","          2562453104.10","      52162","     767169","         66.38"
"INFY","EQ","31-Mar-2015","       2228.00","       2245.00","       2273.65","       2204.35","       2215.10","       2218.35","       2222.10","    2004103","          4453315919.80","      92432","    1354814","         67.60"
"INFY","EQ","01-Apr-2015","       2218.35","       2198.90","       2199.50","       2157.70","       2171.00","       2173.95","       2171.15","    1684622","          3657560037.30","      90934","    1187902","         70.51"
"INFY","EQ","06-Apr-2015","       2173.95","       2179.00","       2184.70","       2160.40","       2179.95","       2178.20","       2171.24","    1935438","          4202294185.65","      54198","    1529651","         79.03"
"INFY","EQ","07-Apr-2015","       2178.20","       2175.00","       2182.80","       2138.00","       2161.00","       2159.50","       2160.92","    2135567","          4614786256.00","      71104","    1610234","         75.40"
"INFY","EQ","08-Apr-2015","       2159.50","       2182.50","       2204.90","       2173.05","       2200.00","       2200.55","       2191.40","    2546394","          5580179492.60","      84366","    2009389","         78.91"
"INFY","EQ","09-Apr-2015","       2200.55","       2211.40","       2218.90","       2184.40","       2212.00","       2215.00","       2202.96","    2645387","          5827671746.80","      65171","    2202202","         83.25"
"INFY","EQ","10-Apr-2015","       2215.00","       2210.20","       2238.00","       2210.20","       2228.75","       2233.95","       2229.87","    1780944","          3971279957.35","      55733","    1315996","         73.89"
"INFY","EQ","13-Apr-2015","       2233.95","       2238.00","       2244.00","       2216.10","       2231.00","       2238.80","       2235.70","    1218084","          2723274133.80","      44676","     779253","         63.97"
"INFY","EQ","15-Apr-2015","       2238.80","       2236.50","       2245.00","       2195.05","       2217.95","       2213.70","       2214.16","    1559446","          3452862596.90","      58780","    1065709","         68.34"
"INFY","EQ","16-Apr-2015","       2213.70","       2222.00","       2231.00","       2160.50","       2196.90","       2194.65","       2183.51","    2251953","          4917164806.95","      55664","    1280673","         56.87"
"INFY","EQ","17-Apr-2015","       2194.65","       2180.05","       2194.95","       2153.45","       2180.00","       2179.25","       2177.13","    1612579","          3510786628.30","      38470","    1140905","         70.75"
"INFY","EQ","20-Apr-2015","       2179.25","       2176.00","       2180.00","       2115.15","       2129.50","       2132.15","       2130.87","    3206346","          6832298664.45","      77890","    2286819","         71.32"
"INFY","EQ","21-Apr-2015","       2132.15","       2148.00","       2155.10","       2120.10","       2142.60","       2142.60","       2137.25","    2220412","          4745571560.95","      55322","    1508882","         67.96"
"INFY","EQ","22-Apr-2015","       2142.60","       2151.05","       2155.00","       2097.95","       2137.95","       2137.70","       2125.66","    3087746","          6563482785.95","      95691","    2469267","         79.97"
"INFY","EQ","23-Apr-2015","       2137.70","       2148.70","       2150.00","       2112.00","       2121.05","       2122.00","       2124.89","    2972950","          6317195718.55","      96511","    2173821","         73.12"
"INFY","BL","24-Apr-2015","       2200.00","       2136.10","       2136.10","       2136.10","       2136.10","       2136.10","       2136.10","     632000","          1350015200.00","          1","     632000","        100.00"
"INFY","EQ","24-Apr-2015","       2122.00","       2135.90","       2150.20","       1980.00","       1993.00","       1995.20","       2070.28","   10891363","         22548139448.10","     317809","    4101422","         37.66"
"INFY","EQ","27-Apr-2015","       1995.20","       2000.00","       2002.00","       1948.10","       1984.85","       1984.65","       1972.71","    4955660","          9776101992.25","     191419","    3423734","         69.09"
"INFY","EQ","28-Apr-2015","       1984.65","       1982.00","       1982.00","       1952.00","       1956.90","       1960.90","       1962.59","    2598375","          5099538669.25","     105935","    1951359","         75.10"
"INFY","EQ","29-Apr-2015","       1960.90","       1960.90","       1972.00","       1937.95","       1963.00","       1961.15","       1954.65","    2072264","          4050550195.75","      83132","    1435649","         69.28"
"INFY","EQ","30-Apr-2015","       1961.15","       1960.00","       1965.00","       1932.30","       1943.50","       1942.25","       1943.45","    3283565","          6381450709.70","      97827","    2471787","         75.28"
"INFY","EQ","04-May-2015","       1942.25","       1959.50","       2000.00","       1949.90","       1992.25","       1993.10","       1970.92","    3340398","          6583671559.55","     112574","    2455960","         73.52"
"INFY","EQ","05-May-2015","       1993.10","       2000.00","       2003.70","       1952.05","       1964.50","       1962.75","       1970.79","    2352129","          4635543850.95","     133092","    1723835","         73.29"
"INFY","EQ","06-May-2015","       1962.75","       1975.00","       1975.00","       1915.30","       1924.00","       1922.05","       1931.49","    2627102","          5074233991.05","      94364","    1893805","         72.09"
"INFY","EQ","07-May-2015","       1922.05","       1922.00","       1967.10","       1910.00","       1940.00","       1944.00","       1942.88","    1694996","          3293172516.05","      68774","     920685","         54.32"
"INFY","EQ","08-May-2015","       1944.00","       1958.00","       1967.55","       1945.25","       1962.10","       1957.95","       1956.49","    1444419","          2825994395.25","      60514","    1039019","         71.93"
"INFY","EQ","11-May-2015","       1957.95","       1965.00","       2000.00","       1952.20","       1995.95","       1993.65","       1980.94","    1196378","          2369955758.25","      54180","     780920","         65.27"
"INFY","EQ","12-May-2015","       1993.65","       1993.65","       1994.60","       1942.00","       1946.90","       1947.10","       1954.77","    2071223","          4048763183.75","      88184","    1594221","         76.97"
"INFY","EQ","13-May-2015","       1947.10","       1951.75","       1964.90","       1928.50","       1957.65","       1956.70","       1949.12","    1774771","          3459240021.60","      55815","    1134772","         63.94"
"INFY","EQ","14-May-2015","       1956.70","       1960.00","       1960.80","       1908.00","       1935.00","       1934.80","       1929.44","    1558461","          3006959162.90","      82817","    1061424","         68.11"
"INFY","EQ","15-May-2015","       1934.80","       1935.00","       1966.60","       1932.30","       1958.90","       1961.75","       1952.36","    1297336","          2532866454.40","      78808","     942026","         72.61"
"INFY","EQ","18-May-2015","       1961.75","       1970.00","       1998.90","       1961.60","       1997.00","       1993.05","       1981.93","    1617494","          3205766128.50","      72296","    1302884","         80.55"
"INFY","EQ","19-May-2015","       1993.05","       1987.30","       2035.70","       1986.00","       2022.20","       2022.35","       2016.44","    2568019","          5178250882.65","      73141","    1648122","         64.18"
"INFY","EQ","20-May-2015","       2022.35","       2040.00","       2052.00","       2033.60","       2049.90","       2047.30","       2045.73","    1470547","          3008337279.10","      63706","    1097201","         74.61"
"INFY","EQ","21-May-2015","       2047.30","       2048.90","       2061.90","       2037.25","       2048.00","       2048.45","       2046.72","    2514828","          5147155556.35","      99082","    2145570","         85.32"
"INFY","EQ","22-May-2015","       2048.45","       2044.00","       2051.55","       2030.10","       2041.90","       2046.45","       2043.07","    1722206","          3518585688.70","      78526","    1238289","         71.90"
"INFY","EQ","25-May-2015","       2046.45","       2050.50","       2056.55","       2007.05","       2021.00","       2016.80","       2029.47","    1168952","          2372348161.00","      62183","     816181","         69.82"
"INFY","EQ","26-May-2015","       2016.80","       2020.00","       2031.45","       2002.15","       2006.00","       2007.30","       2015.66","     991260","          1998042102.25","      37399","     708879","         71.51"
"INFY","EQ","27-May-2015","       2007.30","       2007.00","       2009.00","       1955.00","       1973.00","       1968.50","       1966.93","    2113677","          4157452380.25","     114474","    1609349","         76.14"
"INFY","EQ","28-May-2015","       1968.50","       1975.20","       2032.00","       1975.20","       2000.00","       2016.60","       2000.26","    2745135","          5490996904.35","      97941","    2013171","         73.34"
"INFY","EQ","29-May-2015","       2016.60","       2004.85","       2056.45","       2001.00","       2029.80","       2023.15","       2024.50","    4748261","          9612868994.65","     121421","    3809831","         80.24"
"INFY","EQ","01-Jun-2015","       2023.15","       2032.80","       2064.00","       2023.25","       2042.00","       2047.80","       2048.10","    1431223","          2931284912.85","      62717","    1029588","         71.94"
"INFY","EQ","02-Jun-2015","       2047.80","       2048.10","       2055.10","       2005.00","       2013.00","       2008.65","       2018.63","    1168285","          2358331815.60","      67384","     793960","         67.96"
"INFY","EQ","03-Jun-2015","       2008.65","       2018.20","       2039.45","       2008.00","       2032.00","       2020.90","       2019.78","    1373949","          2775067935.10","      50402","     824814","         60.03"
"INFY","EQ","04-Jun-2015","       2020.90","       2030.00","       2055.00","       2012.60","       2028.10","       2028.05","       2036.59","    1872366","          3813250262.95","      98562","    1395596","         74.54"
"INFY","EQ","05-Jun-2015","       2028.05","       2030.00","       2044.00","       2008.15","       2011.50","       2011.65","       2020.89","    1531447","          3094883382.25","      61438","    1014160","         66.22"
"INFY","EQ","08-Jun-2015","       2011.65","       2020.00","       2024.65","       1987.00","       2002.00","       2000.05","       2000.16","    1535262","          3070769016.70","      59889","    1161814","         75.68"
"INFY","EQ","09-Jun-2015","       2000.05","       2003.75","       2007.65","       1983.00","       1990.55","       1992.10","       1992.62","    1890435","          3766911108.10","      81812","    1549457","         81.96"
"INFY","EQ","10-Jun-2015","       1992.10","       1990.00","       2039.35","       1985.00","       2027.00","       2026.50","       2012.03","    1596460","          3212123213.75","      76174","    1040342","         65.17"
"INFY","EQ","11-Jun-2015","       2026.50","       2035.95","       2044.75","       1995.05","       2000.00","       1997.65","       2010.91","    2307366","          4639906733.40","      69953","    1541863","         66.82"
"INFY","EQ","12-Jun-2015","       1997.65","       2005.00","       2025.55","       1955.50","       1978.05","       1975.05","       1991.32","    2463231","          4905085617.85","     104931","    1463562","         59.42"
"INFY","EQ","15-Jun-2015","       1975.05","        976.95","        998.80","        968.00","        994.00","        990.45","        990.17","    2618213","          2592486853.80","      84843","    1444754","         55.18"
"INFY","EQ","16-Jun-2015","        990.45","        994.35","       1003.00","        985.00","        998.00","        999.35","        995.31","    2611722","          2599482810.50","      75473","    1962337","         75.14"
"INFY","EQ","17-Jun-2015","        999.35","       1011.00","       1021.00","        992.20","        997.20","        995.70","       1002.05","    3206034","          3212615217.65","      73928","    1703033","         53.12"
"INFY","EQ","18-Jun-2015","        995.70","       1005.60","       1007.95","        995.80","       1000.05","       1001.95","       1001.70","    1737213","          1740163420.15","      40621","    1143722","         65.84"
"INFY","EQ","19-Jun-2015","       1001.95","       1010.30","       1010.40","        993.10","        997.00","        995.35","        998.90","    3335229","          3331553919.05","      97129","    2599496","         77.94"
"INFY","EQ","22-Jun-2015","        995.35","       1004.90","       1028.75","        997.00","       1022.70","       1023.85","       1011.41","    2855434","          2888003446.65","     133708","    1721657","         60.29"
"INFY","EQ","23-Jun-2015","       1023.85","       1025.00","       1027.40","        998.15","       1001.45","       1000.40","       1004.30","    3476058","          3490994517.45","     119559","    2467215","         70.98"
"INFY","EQ","24-Jun-2015","       1000.40","       1015.00","       1015.00","        991.20","        995.10","        995.10","       1002.00","    3536847","          3543930986.55","      74881","    2630595","         74.38"
"INFY","EQ","25-Jun-2015","        995.10","        999.20","       1003.50","        987.65","        993.35","        990.45","        993.86","    3558733","          3536892262.65","      75358","    2394368","         67.28"
"INFY","EQ","26-Jun-2015","        990.45","        999.00","       1011.60","        998.10","       1005.90","       1005.25","       1005.91","    2660142","          2675854600.15","      63866","    1712608","         64.38"
"INFY","EQ","29-Jun-2015","       1005.25","        987.00","        999.50","        982.50","        990.40","        990.15","        989.98","    2845334","          2816829753.75","      76492","    2125823","         74.71"
"INFY","EQ","30-Jun-2015","        990.15","        990.00","        993.45","        980.00","        987.50","        984.35","        986.73","    3106265","          3065047324.45","      71225","    2281573","         73.45"
"INFY","EQ","01-Jul-2015","        984.35","        989.00","       1005.00","        986.00","        998.95","        997.40","        995.12","    3440426","          3423647679.05","      80010","    2461395","         71.54"
"INFY","EQ","02-Jul-2015","        997.40","        999.00","       1001.40","        985.05","        988.50","        988.00","        989.52","    2003784","          1982777630.95","      78544","    1336220","         66.68"
"INFY","EQ","03-Jul-2015","        988.00","        988.00","        993.00","        982.00","        990.40","        990.30","        989.70","    1347653","          1333778443.10","      35728","     855211","         63.46"
"INFY","EQ","06-Jul-2015","        990.30","        985.00","        988.00","        975.00","        981.75","        983.30","        981.33","    2152801","          2112607722.90","      60404","    1475832","         68.55"
"INFY","EQ","07-Jul-2015","        983.30","        985.00","        990.00","        979.00","        981.00","        980.50","        985.00","    1748709","          1722475960.70","      58985","    1256080","         71.83"
"INFY","EQ","08-Jul-2015","        980.50","        979.00","        979.00","        954.80","        957.45","        957.50","        962.49","    3512089","          3380333779.00","     109474","    2565864","         73.06"
"INFY","EQ","09-Jul-2015","        957.50","        957.50","        966.00","        934.05","        940.25","        938.00","        942.64","    4293886","          4047609151.05","     138299","    2935843","         68.37"
"INFY","EQ","10-Jul-2015","        938.00","        948.10","        952.10","        932.65","        935.50","        937.50","        941.18","    3705761","          3487806639.35","     134681","    2959698","         79.87"
"INFY","EQ","13-Jul-2015","        937.50","        941.00","        955.00","        934.05","        950.60","        950.15","        945.97","    3265884","          3089416554.60","      84133","    2399679","         73.48"
"INFY","EQ","14-Jul-2015","        950.15","        955.00","        973.50","        945.50","        970.00","        971.25","        961.36","    2683537","          2579856182.15","      76138","    1776741","         66.21"
"INFY","EQ","15-Jul-2015","        971.25","        970.00","        985.95","        968.00","        984.45","        984.00","        980.66","    2064783","          2024840506.55","      74801","    1311520","         63.52"
"INFY","EQ","16-Jul-2015","        984.00","        987.70","        991.50","        979.50","        990.00","        989.05","        987.36","    1736469","          1714517983.35","      52615","     995275","         57.32"
"INFY","EQ","17-Jul-2015","        989.05","        991.00","       1004.50","        989.10","        999.75","       1001.85","        997.46","    1723989","          1719615241.70","      59447","    1003912","         58.23"
"INFY","EQ","20-Jul-2015","       1001.85","       1001.40","       1010.80","        987.40","        997.00","       1001.25","        998.95","    2188590","          2186285827.30","      74145","    1054982","         48.20"
"INFY","EQ","21-Jul-2015","       1001.25","       1035.00","       1149.00","       1035.00","       1116.35","       1112.65","       1099.62","   19155056","         21063364548.10","     408583","    9575992","         49.99"
"INFY","EQ","22-Jul-2015","       1112.65","       1105.00","       1112.00","       1076.65","       1100.00","       1103.15","       1100.68","    6332830","          6970413691.30","     221999","    3840750","         60.65"
"INFY","EQ","23-Jul-2015","       1103.15","       1103.95","       1117.00","       1090.00","       1094.45","       1098.00","       1106.23","    3855374","          4264915293.05","     166660","    2123663","         55.08"
"INFY","EQ","24-Jul-2015","       1098.00","       1095.55","       1106.45","       1083.10","       1088.00","       1087.60","       1090.71","    2240151","          2443351940.05","     100221","    1424342","         63.58"
"INFY","EQ","27-Jul-2015","       1087.60","       1086.90","       1087.95","       1060.45","       1065.00","       1065.30","       1073.34","    3376122","          3623721352.85","     175039","    2443586","         72.38"
"INFY","EQ","28-Jul-2015","       1065.30","       1068.50","       1076.00","       1054.25","       1066.10","       1062.85","       1066.58","    4238301","          4520496075.25","     150481","    2952854","         69.67"
"INFY","EQ","29-Jul-2015","       1062.85","       1074.00","       1092.00","       1065.00","       1086.00","       1085.40","       1082.68","    3535667","          3828008081.00","      82510","    2422852","         68.53"
"INFY","EQ","30-Jul-2015","       1085.40","       1090.00","       1090.00","       1058.00","       1073.85","       1070.00","       1077.44","    5978299","          6441243728.35","     122143","    4349077","         72.75"
"INFY","EQ","31-Jul-2015","       1070.00","       1078.55","       1081.35","       1060.00","       1078.50","       1077.05","       1071.55","    3965506","          4249228754.90","     108976","    2869410","         72.36"
"INFY","EQ","03-Aug-2015","       1077.05","       1078.00","       1092.00","       1068.95","       1075.00","       1078.95","       1078.29","    3980506","          4292139083.45","      85130","    3021847","         75.92"
"INFY","EQ","04-Aug-2015","       1078.95","       1078.00","       1078.95","       1051.00","       1058.55","       1057.25","       1061.33","    4549527","          4828549679.65","     139666","    3264905","         71.76"
"INFY","EQ","05-Aug-2015","       1057.25","       1062.00","       1090.00","       1061.95","       1086.65","       1086.35","       1080.81","    2376738","          2568814074.00","      70472","    1514838","         63.74"
"INFY","EQ","06-Aug-2015","       1086.35","       1094.00","       1105.50","       1077.00","       1088.00","       1086.95","       1089.08","    3619126","          3941508986.25","      94093","    2240358","         61.90"
"INFY","EQ","07-Aug-2015","       1086.95","       1079.50","       1101.00","       1078.50","       1096.50","       1095.60","       1095.84","    2494029","          2733064425.60","      99571","    1729315","         69.34"
"INFY","EQ","10-Aug-2015","       1095.60","       1098.00","       1106.35","       1067.00","       1091.00","       1086.00","       1094.07","    1996377","          2184169819.40","      55130","    1297347","         64.99"
"INFY","EQ","11-Aug-2015","       1086.00","       1098.80","       1116.90","       1095.70","       1115.00","       1109.15","       1105.55","    3787203","          4186948059.45","     122276","    2697765","         71.23"
"INFY","EQ","12-Aug-2015","       1109.15","       1115.00","       1149.00","       1111.00","       1141.00","       1144.40","       1137.15","    5084220","          5781511941.80","     186856","    3807473","         74.89"
"INFY","EQ","13-Aug-2015","       1144.40","       1147.00","       1166.85","       1055.55","       1155.35","       1158.00","       1155.49","    4893980","          5654928106.45","     128074","    3469113","         70.89"
"INFY","EQ","14-Aug-2015","       1158.00","       1165.00","       1168.70","       1143.10","       1148.45","       1149.25","       1157.90","    2554533","          2957892576.95","      87830","    1592415","         62.34"
"INFY","EQ","17-Aug-2015","       1149.25","       1150.00","       1153.45","       1122.50","       1141.10","       1142.15","       1136.37","    1553718","          1765591231.65","      50967","     678282","         43.66"
"INFY","EQ","18-Aug-2015","       1142.15","       1150.00","       1177.70","       1150.00","       1162.50","       1164.35","       1167.25","    2075223","          2422304913.40","     103875","     918470","         44.26"
"INFY","EQ","19-Aug-2015","       1164.35","       1170.00","       1186.20","       1162.80","       1174.95","       1175.55","       1176.36","    3434759","          4040513415.65","      92901","    2353219","         68.51"
"INFY","EQ","20-Aug-2015","       1175.55","       1159.00","       1168.50","       1128.00","       1140.90","       1134.55","       1140.09","    4184557","          4770761082.45","     100655","    2703228","         64.60"
"INFY","EQ","21-Aug-2015","       1134.55","       1140.90","       1160.95","       1117.50","       1143.90","       1149.90","       1145.35","    5411071","          6197560616.55","     118867","    3331403","         61.57"
"INFY","EQ","24-Aug-2015","       1149.90","       1109.95","       1123.00","       1078.60","       1088.80","       1092.05","       1107.29","    7061342","          7818945727.35","     161508","    4761350","         67.43"
"INFY","EQ","25-Aug-2015","       1092.05","       1100.00","       1119.00","       1044.50","       1088.00","       1085.65","       1085.15","    6867539","          7452313809.85","     153510","    4834585","         70.40"
"INFY","EQ","26-Aug-2015","       1085.65","       1089.80","       1097.00","       1059.00","       1066.25","       1064.60","       1077.22","    5749106","          6193033242.00","     116990","    4076370","         70.90"
"INFY","EQ","27-Aug-2015","       1064.60","       1088.00","       1100.10","       1078.05","       1084.00","       1082.80","       1085.94","    7671696","          8330972041.05","     139887","    5605100","         73.06"
"INFY","EQ","28-Aug-2015","       1082.80","       1101.60","       1124.90","       1101.60","       1114.40","       1111.05","       1114.78","    3604410","          4018120271.85","      92660","    2090906","         58.01"
"INFY","EQ","31-Aug-2015","       1111.05","       1134.85","       1134.85","       1082.50","       1097.30","       1094.40","       1098.12","    4958532","          5445048322.70","     112811","    3332453","         67.21"
"INFY","EQ","01-Sep-2015","       1094.40","       1090.00","       1114.60","       1082.00","       1086.95","       1089.00","       1099.86","    4535775","          4988709109.80","     144963","    3052400","         67.30"
"INFY","EQ","02-Sep-2015","       1089.00","       1098.00","       1115.00","       1090.00","       1102.00","       1099.45","       1102.46","    5585915","          6158267847.15","     127845","    3245263","         58.10"
"INFY","EQ","03-Sep-2015","       1099.45","       1110.15","       1112.00","       1092.50","       1100.30","       1099.35","       1100.92","    4295268","          4728764107.15","      77626","    3197225","         74.44"
"INFY","EQ","04-Sep-2015","       1099.35","       1103.00","       1111.00","       1067.00","       1074.90","       1073.95","       1079.25","    3659444","          3949456565.30","     100163","    2171981","         59.35"
"INFY","EQ","07-Sep-2015","       1073.95","       1084.95","       1085.00","       1055.00","       1058.20","       1058.75","       1065.12","    2590494","          2759194352.25","      81606","    1495175","         57.72"
"INFY","EQ","08-Sep-2015","       1058.75","       1062.00","       1074.00","       1052.30","       1062.60","       1058.80","       1063.17","    2729748","          2902178636.25","      78414","    1742021","         63.82"
"INFY","EQ","09-Sep-2015","       1058.80","       1087.10","       1099.60","       1072.00","       1087.50","       1088.70","       1088.69","    4574332","          4980040936.95","     116781","    2880608","         62.97"
"INFY","EQ","10-Sep-2015","       1088.70","       1084.90","       1091.50","       1061.00","       1080.00","       1080.45","       1079.95","    4181502","          4515821659.75","     113306","    2688024","         64.28"
"INFY","EQ","11-Sep-2015","       1080.45","       1091.55","       1106.40","       1085.50","       1091.90","       1090.75","       1095.18","    4941905","          5412265896.15","     106420","    3503104","         70.89"
"INFY","EQ","14-Sep-2015","       1090.75","       1099.00","       1104.00","       1082.65","       1100.00","       1099.75","       1095.40","    3278538","          3591310758.45","      68749","    2338742","         71.33"
"INFY","EQ","15-Sep-2015","       1099.75","       1099.40","       1103.20","       1088.15","       1098.00","       1099.20","       1098.21","    2645943","          2905803863.65","      76986","    1691768","         63.94"
"INFY","EQ","16-Sep-2015","       1099.20","       1108.00","       1109.75","       1098.30","       1101.00","       1101.65","       1102.88","    3739120","          4123798313.25","      75566","    2778140","         74.30"
"INFY","EQ","18-Sep-2015","       1101.65","       1111.80","       1117.90","       1099.05","       1101.30","       1104.45","       1109.16","    5788438","          6420302312.75","      99715","    4400002","         76.01"
"INFY","EQ","21-Sep-2015","       1104.45","       1100.00","       1108.85","       1092.50","       1103.95","       1104.65","       1102.63","    2175617","          2398899362.40","      58851","    1416700","         65.12"
"INFY","EQ","22-Sep-2015","       1104.65","       1115.00","       1135.95","       1101.10","       1104.40","       1107.45","       1123.16","    4813493","          5406315825.90","     125741","    3149589","         65.43"
"INFY","EQ","23-Sep-2015","       1107.45","       1107.45","       1126.35","       1097.45","       1117.00","       1116.25","       1113.63","    2379127","          2649467638.55","      57336","    1230658","         51.73"
"INFY","EQ","24-Sep-2015","       1116.25","       1113.50","       1152.70","       1110.00","       1141.25","       1140.55","       1138.27","    6699631","          7626005047.80","     172169","    4696664","         70.10"
"INFY","EQ","28-Sep-2015","       1140.55","       1139.95","       1142.85","       1101.00","       1106.20","       1105.55","       1114.37","    4894232","          5453974744.65","     125955","    3334033","         68.12"
"INFY","EQ","29-Sep-2015","       1105.55","       1102.00","       1133.40","       1097.50","       1117.00","       1121.85","       1119.84","    4349685","          4870966739.40","     101045","    2368692","         54.46"
"INFY","EQ","30-Sep-2015","       1121.85","       1134.40","       1168.95","       1125.95","       1157.00","       1161.95","       1151.23","    4747846","          5465842643.15","     111323","    3106382","         65.43"
"INFY","EQ","01-Oct-2015","       1161.95","       1169.90","       1197.75","       1160.00","       1173.05","       1173.05","       1179.45","    5432197","          6406992205.25","     141361","    3243441","         59.71"
"INFY","EQ","05-Oct-2015","       1173.05","       1173.00","       1189.35","       1162.00","       1181.10","       1181.75","       1176.75","    3440880","          4049050301.95","     124032","    2048583","         59.54"
"INFY","EQ","06-Oct-2015","       1181.75","       1187.05","       1192.55","       1148.10","       1157.00","       1154.60","       1160.82","    4355940","          5056464091.30","     159201","    2862268","         65.71"
"INFY","EQ","07-Oct-2015","       1154.60","       1156.00","       1168.75","       1128.45","       1139.00","       1133.20","       1147.22","    4591244","          5267146098.15","     140151","    3368903","         73.38"
"INFY","EQ","08-Oct-2015","       1133.20","       1136.40","       1149.60","       1126.05","       1132.70","       1132.15","       1136.18","    4540437","          5158746112.85","     166680","    3316675","         73.05"
"INFY","EQ","09-Oct-2015","       1132.15","       1136.00","       1172.90","       1136.00","       1170.90","       1167.40","       1154.34","    5891069","          6800309813.50","     172120","    3660285","         62.13"
"INFY","EQ","12-Oct-2015","       1167.40","       1199.00","       1219.80","       1109.00","       1122.90","       1122.90","       1145.31","   15202485","         17411498956.45","     347437","    5258181","         34.59"
"INFY","EQ","13-Oct-2015","       1122.90","       1107.45","       1111.00","       1085.20","       1098.10","       1099.40","       1097.14","    7663431","          8407859525.85","     286593","    4019557","         52.45"
"INFY","EQ","14-Oct-2015","       1099.40","       1091.45","       1115.55","       1087.20","       1096.00","       1097.60","       1104.20","    4432755","          4894629063.95","     158291","    2478570","         55.91"
"INFY","EQ","15-Oct-2015","       1097.60","       1099.90","       1104.35","       1089.10","       1096.90","       1097.35","       1096.26","    4127833","          4525182630.10","     184169","    2599954","         62.99"
"INFY","EQ","16-Oct-2015","       1097.35","       1099.00","       1101.40","       1090.00","       1093.00","       1094.90","       1094.85","    3209496","          3513919100.05","      74364","    1874068","         58.39"
"INFY","EQ","19-Oct-2015","       1094.90","       1102.00","       1116.00","       1100.50","       1114.70","       1111.95","       1109.22","    3673747","          4074985828.50","     128555","    2537719","         69.08"
"INFY","EQ","20-Oct-2015","       1111.95","       1113.00","       1130.00","       1110.60","       1126.30","       1125.95","       1121.86","    4394155","          4929630466.40","     101555","    3233998","         73.60"
"INFY","EQ","21-Oct-2015","       1125.95","       1125.00","       1146.85","       1125.00","       1137.50","       1138.40","       1137.86","    3639049","          4140724664.50","      89639","    2309832","         63.47"
"INFY","EQ","23-Oct-2015","       1138.40","       1141.80","       1153.00","       1125.10","       1149.00","       1149.90","       1141.35","    3016681","          3443080807.65","     117698","    1806303","         59.88"
"INFY","EQ","26-Oct-2015","       1149.90","       1154.00","       1158.50","       1143.15","       1150.00","       1152.15","       1150.88","    1597971","          1839079237.50","      82222","     801160","         50.14"
"INFY","EQ","27-Oct-2015","       1152.15","       1150.00","       1155.00","       1144.10","       1147.35","       1149.40","       1149.74","    2631874","          3025971573.35","      79833","    1878077","         71.36"
"INFY","EQ","28-Oct-2015","       1149.40","       1144.50","       1158.00","       1139.00","       1155.10","       1153.20","       1147.14","    2627736","          3014378473.55","      95707","    1841598","         70.08"
"INFY","EQ","29-Oct-2015","       1153.20","       1153.10","       1155.90","       1136.05","       1142.25","       1145.05","       1143.62","    2943662","          3366420195.70","      74479","    2045021","         69.47"
"INFY","EQ","30-Oct-2015","       1145.05","       1145.00","       1145.00","       1130.00","       1132.00","       1135.45","       1135.02","    2022338","          2295389841.60","      57656","    1151943","         56.96"
"INFY","EQ","02-Nov-2015","       1135.45","       1130.00","       1135.80","       1114.10","       1133.75","       1131.20","       1123.76","    1772494","          1991855082.85","      44108","     806329","         45.49"
"INFY","EQ","03-Nov-2015","       1131.20","       1133.40","       1150.45","       1133.40","       1140.15","       1145.50","       1144.00","    1807341","          2067599135.60","      47225","     962391","         53.25"
"INFY","EQ","04-Nov-2015","       1145.50","       1150.10","       1157.60","       1132.30","       1137.05","       1136.80","       1142.83","    1602786","          1831716976.70","      60740","     917154","         57.22"
"INFY","EQ","05-Nov-2015","       1136.80","       1142.95","       1145.00","       1119.40","       1120.40","       1122.90","       1133.30","    1172653","          1328964252.45","      33057","     545046","         46.48"
"INFY","EQ","06-Nov-2015","       1122.90","       1123.00","       1143.90","       1122.90","       1140.20","       1138.30","       1137.85","    1513086","          1721665528.55","      43442","     893260","         59.04"
"INFY","EQ","09-Nov-2015","       1138.30","       1120.00","       1140.00","       1115.20","       1138.15","       1134.60","       1127.68","    3062838","          3453897090.65","      73732","    2080780","         67.94"
"INFY","EQ","10-Nov-2015","       1134.60","       1127.50","       1127.50","       1100.10","       1106.00","       1103.85","       1114.22","    2340026","          2607306462.80","      56153","    1618684","         69.17"
"INFY","EQ","11-Nov-2015","       1103.85","       1118.00","       1118.00","       1103.00","       1109.30","       1107.60","       1109.42","     353652","           392348101.95","      13196","     166222","         47.00"
"INFY","EQ","13-Nov-2015","       1107.60","       1099.95","       1106.00","       1090.00","       1097.00","       1100.80","       1097.45","    1760434","          1931991867.85","      86653","    1134912","         64.47"
"INFY","EQ","16-Nov-2015","       1100.80","       1083.65","       1094.00","       1067.20","       1088.00","       1080.20","       1081.23","    3404167","          3680672583.85","      84079","    2089950","         61.39"
"INFY","EQ","17-Nov-2015","       1080.20","       1080.00","       1082.90","       1052.00","       1058.60","       1061.50","       1061.53","    3592053","          3813081588.30","     130125","    2136025","         59.47"
"INFY","EQ","18-Nov-2015","       1061.50","       1041.00","       1045.15","       1011.25","       1020.45","       1020.00","       1027.76","    5062626","          5203187274.05","     163352","    2860889","         56.51"
"INFY","EQ","19-Nov-2015","       1020.00","       1030.25","       1052.00","       1023.80","       1048.00","       1047.80","       1038.56","    4269811","          4434439166.50","     169433","    2638720","         61.80"
"INFY","EQ","20-Nov-2015","       1047.80","       1048.00","       1063.20","       1042.05","       1051.00","       1052.40","       1053.83","    3041489","          3205219967.90","     151348","    1851747","         60.88"
"INFY","EQ","23-Nov-2015","       1052.40","       1050.00","       1062.40","       1038.00","       1052.00","       1053.70","       1053.76","    2808175","          2959155996.55","      90521","    1799534","         64.08"
"INFY","EQ","24-Nov-2015","       1053.70","       1050.00","       1050.80","       1037.00","       1040.70","       1041.15","       1043.40","    2162901","          2256779096.45","      58310","    1249010","         57.75"
"INFY","EQ","26-Nov-2015","       1041.15","       1040.95","       1059.50","       1040.05","       1050.00","       1052.40","       1051.79","    4926984","          5182136976.25","     114757","    3656974","         74.22"
"INFY","EQ","27-Nov-2015","       1052.40","       1058.00","       1070.00","       1045.00","       1066.00","       1066.35","       1060.99","    2571239","          2728062595.80","      69214","    1799884","         70.00"
"INFY","EQ","30-Nov-2015","       1066.35","       1070.00","       1098.30","       1056.20","       1083.05","       1087.90","       1083.44","    9052767","          9808155224.30","     108763","    5565189","         61.48"
"INFY","EQ","01-Dec-2015","       1087.90","       1088.00","       1095.00","       1072.95","       1075.45","       1079.00","       1082.42","    2949275","          3192356939.50","      76585","    1982960","         67.24"
"INFY","EQ","02-Dec-2015","       1079.00","       1079.95","       1079.95","       1059.00","       1061.10","       1060.70","       1064.12","    3198808","          3403928890.80","      90123","    2139233","         66.88"
"INFY","EQ","03-Dec-2015","       1060.70","       1061.00","       1064.80","       1049.05","       1059.00","       1057.75","       1056.77","    2752363","          2908624057.85","     110543","    1838358","         66.79"
"INFY","EQ","04-Dec-2015","       1057.75","       1049.00","       1064.90","       1040.10","       1048.85","       1049.05","       1047.32","    4187765","          4385928455.00","     209805","    3031773","         72.40"
"INFY","EQ","07-Dec-2015","       1049.05","       1055.30","       1059.00","       1040.00","       1046.00","       1046.25","       1048.08","    2256935","          2365448287.20","      65005","    1441112","         63.85"
"INFY","EQ","08-Dec-2015","       1046.25","       1045.05","       1062.75","       1039.30","       1042.00","       1044.40","       1051.88","    2862186","          3010683589.85","      87394","    1790175","         62.55"
"INFY","EQ","09-Dec-2015","       1044.40","       1043.00","       1046.95","       1022.55","       1024.00","       1028.20","       1036.19","    3409127","          3532487392.15","      85433","    2068578","         60.68"
"INFY","EQ","10-Dec-2015","       1028.20","       1036.60","       1051.60","       1030.30","       1049.90","       1047.35","       1040.47","    2793873","          2906945254.15","      80028","    1838589","         65.81"
"INFY","EQ","11-Dec-2015","       1047.35","       1054.00","       1061.90","       1045.90","       1055.65","       1052.80","       1052.88","    2695099","          2837606869.20","      84930","    1623053","         60.22"
"INFY","EQ","14-Dec-2015","       1052.80","       1049.50","       1073.15","       1048.05","       1067.50","       1069.50","       1066.30","    2408336","          2568018429.30","     104978","    1419333","         58.93"
"INFY","EQ","15-Dec-2015","       1069.50","       1073.25","       1079.10","       1058.80","       1078.50","       1077.55","       1071.44","    2715904","          2909926024.15","      76821","    1951187","         71.84"
"INFY","EQ","16-Dec-2015","       1077.55","       1083.40","       1098.00","       1083.40","       1094.00","       1095.85","       1092.86","    2747926","          3003094115.65","      66894","    1988090","         72.35"
"INFY","EQ","17-Dec-2015","       1095.85","       1100.00","       1109.80","       1088.00","       1105.50","       1107.10","       1099.83","    2479391","          2726907088.85","      87599","    1294917","         52.23"
"INFY","EQ","18-Dec-2015","       1107.10","       1103.40","       1103.40","       1079.45","       1085.95","       1083.15","       1086.91","    3609910","          3923650702.80","      65866","    2604590","         72.15"
"INFY","EQ","21-Dec-2015","       1083.15","       1077.00","       1107.40","       1065.95","       1107.00","       1103.45","       1095.68","    2165506","          2372706847.85","      61692","    1223571","         56.50"
"INFY","EQ","22-Dec-2015","       1103.45","       1097.45","       1097.45","       1080.10","       1085.00","       1083.75","       1085.81","    2054627","          2230938914.20","      51963","    1204818","         58.64"
"INFY","EQ","23-Dec-2015","       1083.75","       1095.05","       1102.50","       1087.05","       1100.00","       1100.85","       1097.35","    1435464","          1575200227.85","      38571","     861318","         60.00"
"INFY","EQ","24-Dec-2015","       1100.85","       1102.05","       1104.45","       1090.10","       1095.80","       1096.35","       1095.84","     615027","           673969561.20","      20528","     294731","         47.92"
"INFY","EQ","28-Dec-2015","       1096.35","       1090.00","       1110.00","       1090.00","       1103.80","       1104.75","       1105.51","    2763476","          3055046034.75","      51103","    1880078","         68.03"
"INFY","EQ","29-Dec-2015","       1104.75","       1101.25","       1110.00","       1097.30","       1103.00","       1104.70","       1104.14","    1672531","          1846706112.35","      52409","     967577","         57.85"
"INFY","EQ","30-Dec-2015","       1104.70","       1101.10","       1106.60","       1083.00","       1088.00","       1086.30","       1094.45","    2576985","          2820380075.65","      65379","    1754378","         68.08"
"INFY","EQ","31-Dec-2015","       1086.30","       1090.15","       1109.95","       1087.00","       1107.00","       1105.40","       1102.09","    3971969","          4377467436.10","      75143","    2641827","         66.51"
"INFY","EQ","01-Jan-2016","       1105.40","       1100.00","       1108.95","       1093.20","       1103.00","       1105.25","       1103.13","     903275","           996433258.65","      18982","     331554","         36.71"
"INFY","EQ","04-Jan-2016","       1105.25","       1099.95","       1102.45","       1076.05","       1078.50","       1078.90","       1087.82","    1987681","          2162230783.75","      53877","    1247329","         62.75"
"INFY","EQ","05-Jan-2016","       1078.90","       1085.50","       1085.50","       1062.25","       1073.00","       1074.05","       1073.17","    2474893","          2655975460.75","      62085","    1566206","         63.28"
"INFY","EQ","06-Jan-2016","       1074.05","       1074.65","       1074.65","       1058.90","       1068.50","       1069.35","       1067.55","    2794164","          2982910237.80","      76128","    1985200","         71.05"
"INFY","EQ","07-Jan-2016","       1069.35","       1060.05","       1067.90","       1047.90","       1052.55","       1050.80","       1057.50","    2647044","          2799255720.40","      79845","    1650344","         62.35"
"INFY","EQ","08-Jan-2016","       1050.80","       1061.50","       1067.40","       1055.50","       1064.65","       1063.30","       1061.56","    1578358","          1675521986.35","      47934","     847886","         53.72"
"INFY","EQ","11-Jan-2016","       1063.30","       1056.30","       1069.95","       1052.10","       1054.50","       1055.70","       1057.72","    2680311","          2835019451.30","      66784","    1635209","         61.01"
"INFY","EQ","12-Jan-2016","       1055.70","       1062.00","       1062.95","       1030.85","       1048.05","       1049.95","       1046.58","    3282606","          3435500122.05","      95213","    2327621","         70.91"
"INFY","EQ","13-Jan-2016","       1049.95","       1057.00","       1091.00","       1048.10","       1081.05","       1083.40","       1073.58","    4375647","          4697626038.20","      82289","    2136586","         48.83"
"INFY","EQ","14-Jan-2016","       1083.40","       1066.00","       1155.00","       1054.35","       1137.50","       1133.00","       1128.78","   15113503","         17059827436.60","     335583","    5601848","         37.07"
"INFY","EQ","15-Jan-2016","       1133.00","       1148.00","       1164.00","       1137.55","       1140.00","       1139.90","       1147.83","    6518307","          7481937162.95","     168749","    3790529","         58.15"
"INFY","EQ","18-Jan-2016","       1139.90","       1139.90","       1162.10","       1128.35","       1129.60","       1131.90","       1144.54","    5033306","          5760833305.25","     124462","    3285743","         65.28"
"INFY","EQ","19-Jan-2016","       1131.90","       1135.00","       1158.95","       1128.55","       1140.25","       1139.65","       1143.19","    3750218","          4287225459.85","     131724","    2249627","         59.99"
"INFY","EQ","20-Jan-2016","       1139.65","       1134.00","       1160.00","       1117.00","       1120.75","       1121.25","       1127.86","    3753999","          4233996102.55","     106567","    2197144","         58.53"
"INFY","EQ","21-Jan-2016","       1121.25","       1135.00","       1142.50","       1122.00","       1139.65","       1137.05","       1133.26","    3371500","          3820774623.70","     107775","    2004650","         59.46"
"INFY","EQ","22-Jan-2016","       1137.05","       1148.10","       1152.50","       1131.00","       1140.00","       1136.25","       1139.49","    3218009","          3666879628.35","     106108","    2176678","         67.64"
"INFY","EQ","25-Jan-2016","       1136.25","       1140.25","       1146.85","       1124.55","       1141.00","       1137.65","       1136.23","    2289631","          2601551835.20","      78546","    1529972","         66.82"
"INFY","EQ","27-Jan-2016","       1137.65","       1146.45","       1149.60","       1135.00","       1135.35","       1138.50","       1141.44","    3485981","          3979041708.30","      79129","    2274278","         65.24"
"INFY","EQ","28-Jan-2016","       1138.50","       1136.00","       1142.60","       1126.20","       1129.10","       1129.60","       1131.59","    3894299","          4406764531.15","      67003","    3016965","         77.47"
"INFY","EQ","29-Jan-2016","       1129.60","       1138.00","       1170.00","       1131.60","       1166.00","       1164.90","       1155.59","    5116054","          5912064475.80","     105694","    3658298","         71.51"
"INFY","EQ","01-Feb-2016","       1164.90","       1170.00","       1179.90","       1161.60","       1171.50","       1173.35","       1171.18","    2125563","          2489417759.90","      69859","    1159429","         54.55"
"INFY","EQ","02-Feb-2016","       1173.35","       1176.85","       1190.00","       1164.00","       1168.40","       1175.55","       1181.63","    3816351","          4509511501.65","      87845","    2430012","         63.67"
"INFY","EQ","03-Feb-2016","       1175.55","       1167.80","       1175.90","       1152.75","       1158.90","       1157.70","       1163.28","    2622983","          3051257780.30","      64989","    1613649","         61.52"
"INFY","EQ","04-Feb-2016","       1157.70","       1160.05","       1194.95","       1160.05","       1179.30","       1179.75","       1181.37","    2774673","          3277919301.65","      68846","    1524604","         54.95"
"INFY","EQ","05-Feb-2016","       1179.75","       1175.50","       1186.65","       1171.85","       1176.85","       1174.70","       1178.61","    1992112","          2347916405.80","      72608","    1221680","         61.33"
"INFY","EQ","08-Feb-2016","       1174.70","       1163.75","       1172.20","       1143.80","       1145.85","       1150.80","       1159.26","    2110522","          2446635959.95","      58432","    1435924","         68.04"
"INFY","EQ","09-Feb-2016","       1150.80","       1128.30","       1128.30","       1093.50","       1107.50","       1107.65","       1107.11","    3789786","          4195709094.40","     110917","    2447506","         64.58"
"INFY","EQ","10-Feb-2016","       1107.65","       1108.00","       1127.50","       1105.00","       1106.10","       1108.55","       1115.31","    2933027","          3271248829.10","      95356","    1678192","         57.22"
"INFY","EQ","11-Feb-2016","       1108.55","       1111.00","       1113.00","       1071.15","       1078.80","       1078.65","       1089.29","    2607189","          2839987984.55","      93260","    1525023","         58.49"
"INFY","EQ","12-Feb-2016","       1078.65","       1094.70","       1104.40","       1067.00","       1084.75","       1084.65","       1083.79","    3704048","          4014409217.80","     112945","    2195228","         59.27"
"INFY","EQ","15-Feb-2016","       1084.65","       1096.25","       1100.20","       1086.60","       1089.00","       1091.75","       1091.38","    2546739","          2779457263.70","     107866","    1662965","         65.30"
"INFY","EQ","16-Feb-2016","       1091.75","       1087.00","       1092.75","       1073.70","       1081.20","       1079.15","       1081.53","    2562724","          2771671744.90","      92796","    1599118","         62.40"
"INFY","EQ","17-Feb-2016","       1079.15","       1081.75","       1103.00","       1077.00","       1095.00","       1097.85","       1089.23","    2082299","          2268104576.65","      79410","    1221857","         58.68"
"INFY","EQ","18-Feb-2016","       1097.85","       1100.00","       1127.00","       1100.00","       1121.30","       1123.40","       1115.43","    2094536","          2336317812.75","      70844","    1322322","         63.13"
"INFY","EQ","19-Feb-2016","       1123.40","       1119.20","       1134.20","       1113.85","       1123.45","       1127.25","       1125.72","    1987009","          2236825271.95","      85227","    1299849","         65.42"
"INFY","EQ","22-Feb-2016","       1127.25","       1131.00","       1133.95","       1114.05","       1126.00","       1126.65","       1126.83","    1928505","          2173092989.75","      71684","    1202192","         62.34"
"INFY","EQ","23-Feb-2016","       1126.65","       1130.25","       1132.50","       1116.05","       1123.00","       1123.90","       1124.64","    1250980","          1406895965.65","      78553","     662922","         52.99"
"INFY","EQ","24-Feb-2016","       1123.90","       1119.50","       1143.75","       1118.35","       1125.00","       1125.35","       1132.34","    2475357","          2802937160.25","      92342","    1604525","         64.82"
"INFY","EQ","25-Feb-2016","       1125.35","       1125.40","       1130.60","       1101.10","       1115.90","       1110.30","       1112.14","    2242264","          2493709761.25","     102958","    1444125","         64.40"
"INFY","EQ","26-Feb-2016","       1110.30","       1120.15","       1132.00","       1116.00","       1122.10","       1121.15","       1121.60","    2117818","          2375337063.60","     114603","    1397368","         65.98"
"INFY","EQ","29-Feb-2016","       1121.15","       1129.50","       1130.40","       1068.30","       1085.55","       1084.05","       1095.62","    4083038","          4473469436.35","      95756","    2466669","         60.41"
"INFY","EQ","01-Mar-2016","       1084.05","       1094.80","       1130.30","       1094.80","       1128.75","       1125.45","       1118.92","    3193077","          3572794466.90","      99480","    2364104","         74.04"
"INFY","EQ","02-Mar-2016","       1125.45","       1137.05","       1163.50","       1125.00","       1158.50","       1156.00","       1143.15","    3607449","          4123873292.05","     105889","    2027082","         56.19"
"INFY","EQ","03-Mar-2016","       1156.00","       1168.00","       1192.85","       1154.00","       1172.00","       1169.30","       1173.96","    2907152","          3412892364.45","     100651","    1689844","         58.13"
"INFY","EQ","04-Mar-2016","       1169.30","       1175.60","       1185.00","       1159.10","       1175.30","       1170.65","       1173.98","    2140840","          2513300444.70","      63895","    1227929","         57.36"
